https://ho-chi-minh.congtydoanhnghiep.com/cong-ty-tnhh-mot-thanh-vien-quang-cao-mui-ten,https://ho-chi-minh.congtydoanhnghiep.com/quan-binh-thanh,1638
https://ho-chi-minh.congtydoanhnghiep.com/cong-ty-tnhh-thuong-mai-va-dich-vu-hoa-chat-hoang-bao,https://ho-chi-minh.congtydoanhnghiep.com/quan-binh-thanh,1640
https://ho-chi-minh.congtydoanhnghiep.com/cong-ty-tnhh-nuoc-khoang-viet-phap,https://ho-chi-minh.congtydoanhnghiep.com/quan-binh-thanh,1640
https://ho-chi-minh.congtydoanhnghiep.com/cong-ty-tnhh-san-xuat-thuong-mai-quoc-te-rang-dong,https://ho-chi-minh.congtydoanhnghiep.com/quan-go-vap,2
https://ho-chi-minh.congtydoanhnghiep.com/cong-ty-tnhh-lkt,https://ho-chi-minh.congtydoanhnghiep.com/quan-go-vap,2
https://ho-chi-minh.congtydoanhnghiep.com/cong-ty-co-phan-tu-van-dau-tu-xay-dung-htdeco,https://ho-chi-minh.congtydoanhnghiep.com/quan-go-vap,3
https://ho-chi-minh.congtydoanhnghiep.com/cong-ty-tnhh-tm-xnk-korea-wind,https://ho-chi-minh.congtydoanhnghiep.com/quan-go-vap,3
https://ho-chi-minh.congtydoanhnghiep.com/cong-ty-co-phan-thuong-mai-xuat-nhap-khau-washi,https://ho-chi-minh.congtydoanhnghiep.com/quan-go-vap,3
https://ho-chi-minh.congtydoanhnghiep.com/cong-ty-tnhh-phu-kien-noi-that-fura,https://ho-chi-minh.congtydoanhnghiep.com/quan-go-vap,3
https://ho-chi-minh.congtydoanhnghiep.com/cong-ty-tnhh-pl-kim-phat,https://ho-chi-minh.congtydoanhnghiep.com/quan-go-vap,4
https://ho-chi-minh.congtydoanhnghiep.com/cong-ty-tnhh-mot-thanh-vien-vat-tu-dien-lanh-nt,https://ho-chi-minh.congtydoanhnghiep.com/quan-go-vap,4
https://ho-chi-minh.congtydoanhnghiep.com/cong-ty-tnhh-tin-hieu,https://ho-chi-minh.congtydoanhnghiep.com/quan-go-vap,4
https://ho-chi-minh.congtydoanhnghiep.com/cong-ty-tnhh-apt-plus,https://ho-chi-minh.congtydoanhnghiep.com/quan-go-vap,4
https://ho-chi-minh.congtydoanhnghiep.com/cong-ty-tnhh-dau-tu-thuong-mai-dich-vu-van-tai-thanh-xuan,https://ho-chi-minh.congtydoanhnghiep.com/quan-go-vap,5
https://ho-chi-minh.congtydoanhnghiep.com/cong-ty-tnhh-gpn,https://ho-chi-minh.congtydoanhnghiep.com/quan-go-vap,5
https://ho-chi-minh.congtydoanhnghiep.com/cong-ty-tnhh-dau-tu-san-xuat-moc-pham-thu,https://ho-chi-minh.congtydoanhnghiep.com/quan-go-vap,5
https://ho-chi-minh.congtydoanhnghiep.com/cong-ty-co-phan-the-fountain-group,https://ho-chi-minh.congtydoanhnghiep.com/quan-go-vap,5
https://ho-chi-minh.congtydoanhnghiep.com/cong-ty-tnhh-thuong-mai-dich-vu-thiet-bi-xay-dung-phat-tien,https://ho-chi-minh.congtydoanhnghiep.com/quan-go-vap,5
https://ho-chi-minh.congtydoanhnghiep.com/cong-ty-tnhh-san-xuat-thuong-mai-ha-my,https://ho-chi-minh.congtydoanhnghiep.com/quan-go-vap,5
https://ho-chi-minh.congtydoanhnghiep.com/cong-ty-tnhh-san-xuat-thuong-mai-dich-vu-xuat-nhap-khau-dh,https://ho-chi-minh.congtydoanhnghiep.com/quan-go-vap,5
https://ho-chi-minh.congtydoanhnghiep.com/cong-ty-co-phan-cua-tai-loc,https://ho-chi-minh.congtydoanhnghiep.com/quan-go-vap,6
https://ho-chi-minh.congtydoanhnghiep.com/cong-ty-tnhh-citytrans,https://ho-chi-minh.congtydoanhnghiep.com/quan-go-vap,6
https://ho-chi-minh.congtydoanhnghiep.com/cong-ty-tnhh-thuong-mai-dich-vu-kim-lam-phat,https://ho-chi-minh.congtydoanhnghiep.com/quan-go-vap,6
https://ho-chi-minh.congtydoanhnghiep.com/cong-ty-tnhh-tu-van-thiet-ke-xay-dung-qq-house,https://ho-chi-minh.congtydoanhnghiep.com/quan-go-vap,7
https://ho-chi-minh.congtydoanhnghiep.com/cong-ty-tnhh-du-lich-sai-gon-bp,https://ho-chi-minh.congtydoanhnghiep.com/quan-go-vap,7
https://ho-chi-minh.congtydoanhnghiep.com/cong-ty-co-phan-xay-dung-kien-truc-go-vap,https://ho-chi-minh.congtydoanhnghiep.com/quan-go-vap,7
https://ho-chi-minh.congtydoanhnghiep.com/cong-ty-tnhh-sang-tao-gia-tri-moi,https://ho-chi-minh.congtydoanhnghiep.com/quan-go-vap,8
https://ho-chi-minh.congtydoanhnghiep.com/cong-ty-tnhh-cong-nghe-thiet-bi-loc-mien-nam,https://ho-chi-minh.congtydoanhnghiep.com/quan-go-vap,8
https://ho-chi-minh.congtydoanhnghiep.com/cong-ty-tnhh-somot-viet-nam,https://ho-chi-minh.congtydoanhnghiep.com/quan-go-vap,8
https://ho-chi-minh.congtydoanhnghiep.com/cong-ty-tnhh-quan-ly-dau-tu-mhmt-viet-nam,https://ho-chi-minh.congtydoanhnghiep.com/quan-go-vap,8
https://ho-chi-minh.congtydoanhnghiep.com/cong-ty-tnhh-giai-phap-van-tai-viet-nam,https://ho-chi-minh.congtydoanhnghiep.com/quan-go-vap,9
https://ho-chi-minh.congtydoanhnghiep.com/cong-ty-tnhh-ky-thuat-lanh-tung-thinh,https://ho-chi-minh.congtydoanhnghiep.com/quan-go-vap,9
https://ho-chi-minh.congtydoanhnghiep.com/cong-ty-tnhh-dau-tu-va-phat-trien-tran-gia-anh,https://ho-chi-minh.congtydoanhnghiep.com/quan-go-vap,10
https://ho-chi-minh.congtydoanhnghiep.com/cong-ty-tnhh-tm-dv-thu-gom-chat-thai-ran-quang-vinh,https://ho-chi-minh.congtydoanhnghiep.com/quan-go-vap,10
https://ho-chi-minh.congtydoanhnghiep.com/cong-ty-tnhh-dau-tu-phat-trien-ktm,https://ho-chi-minh.congtydoanhnghiep.com/quan-go-vap,10
https://ho-chi-minh.congtydoanhnghiep.com/cong-ty-tnhh-thuong-mai-va-dich-vu-loi-dat-a-va-p,https://ho-chi-minh.congtydoanhnghiep.com/quan-go-vap,10
https://ho-chi-minh.congtydoanhnghiep.com/cong-ty-co-phan-dau-tu-thuong-mai-va-dich-vu-victory,https://ho-chi-minh.congtydoanhnghiep.com/quan-go-vap,11
https://ho-chi-minh.congtydoanhnghiep.com/cong-ty-tnhh-dau-tu-thuong-mai-dich-vu-tong-hop-anh-duong,https://ho-chi-minh.congtydoanhnghiep.com/quan-go-vap,11
https://ho-chi-minh.congtydoanhnghiep.com/cong-ty-co-phan-dich-vu-du-lich-nong-nghiep-happy-farm,https://ho-chi-minh.congtydoanhnghiep.com/quan-go-vap,12
https://ho-chi-minh.congtydoanhnghiep.com/cong-ty-co-phan-mang-truyen-hinh-viet-nam,https://ho-chi-minh.congtydoanhnghiep.com/quan-go-vap,12
https://ho-chi-minh.congtydoanhnghiep.com/cong-ty-cp-cong-dong-viet-long-qui,https://ho-chi-minh.congtydoanhnghiep.com/quan-go-vap,12
https://ho-chi-minh.congtydoanhnghiep.com/cong-ty-tnhh-tienphong-auto-holdings,https://ho-chi-minh.congtydoanhnghiep.com/quan-go-vap,12
https://ho-chi-minh.congtydoanhnghiep.com/cong-ty-tnhh-thuong-mai-dich-vu-xuat-nhap-khau-laco,https://ho-chi-minh.congtydoanhnghiep.com/quan-go-vap,12
https://ho-chi-minh.congtydoanhnghiep.com/cong-ty-tnhh-thuong-mai-dich-vu-dau-tu-thien-dat,https://ho-chi-minh.congtydoanhnghiep.com/quan-go-vap,12
https://ho-chi-minh.congtydoanhnghiep.com/cong-ty-tnhh-king-pac,https://ho-chi-minh.congtydoanhnghiep.com/quan-go-vap,12
https://ho-chi-minh.congtydoanhnghiep.com/cong-ty-tnhh-thuong-mai-dich-vu-pty,https://ho-chi-minh.congtydoanhnghiep.com/quan-go-vap,13
https://ho-chi-minh.congtydoanhnghiep.com/cong-ty-tnhh-thiet-ke-noi-that-va-xay-dung-tai-duc,https://ho-chi-minh.congtydoanhnghiep.com/quan-go-vap,13
https://ho-chi-minh.congtydoanhnghiep.com/cong-ty-tnhh-mot-thanh-vien-tu-van-thiet-ke-xay-dung-kien-truc-hoang-thong,https://ho-chi-minh.congtydoanhnghiep.com/quan-go-vap,13
https://ho-chi-minh.congtydoanhnghiep.com/cong-ty-tnhh-agiza-viet-nam,https://ho-chi-minh.congtydoanhnghiep.com/quan-go-vap,13
https://ho-chi-minh.congtydoanhnghiep.com/cong-ty-tnhh-thuong-mai-dich-vu-co-dien-lanh-hong-ha,https://ho-chi-minh.congtydoanhnghiep.com/quan-go-vap,13
https://ho-chi-minh.congtydoanhnghiep.com/cong-ty-tnhh-kinh-doanh-thuong-mai-va-dich-vu-truong-sinh,https://ho-chi-minh.congtydoanhnghiep.com/quan-go-vap,13
https://ho-chi-minh.congtydoanhnghiep.com/cong-ty-tnhh-tm-dv-qc-bumblebee,https://ho-chi-minh.congtydoanhnghiep.com/quan-go-vap,13
https://ho-chi-minh.congtydoanhnghiep.com/cong-ty-tnhh-tu-van-thuong-mai-dich-vu-xay-dung-hung-phu,https://ho-chi-minh.congtydoanhnghiep.com/quan-go-vap,13
https://ho-chi-minh.congtydoanhnghiep.com/cong-ty-trach-nhiem-huu-han-thuong-mai-hcn-viet-nam,https://ho-chi-minh.congtydoanhnghiep.com/quan-go-vap,14
https://ho-chi-minh.congtydoanhnghiep.com/cong-ty-tnhh-thuong-mai-dich-vu-xay-dung-van-tai-thanh-son,https://ho-chi-minh.congtydoanhnghiep.com/quan-go-vap,14
https://ho-chi-minh.congtydoanhnghiep.com/cong-ty-tnhh-thuong-mai-phuong-dang,https://ho-chi-minh.congtydoanhnghiep.com/quan-go-vap,14
https://ho-chi-minh.congtydoanhnghiep.com/cong-ty-tnhh-uni-eurovin,https://ho-chi-minh.congtydoanhnghiep.com/quan-go-vap,15
https://ho-chi-minh.congtydoanhnghiep.com/cong-ty-tnhh-tu-van-va-dau-tu-dragon-group,https://ho-chi-minh.congtydoanhnghiep.com/quan-go-vap,15
https://ho-chi-minh.congtydoanhnghiep.com/cong-ty-co-phan-thuong-mai-dich-vu-sahoma,https://ho-chi-minh.congtydoanhnghiep.com/quan-go-vap,15
https://ho-chi-minh.congtydoanhnghiep.com/cong-ty-tnhh-thuong-mai-dich-vu-dau-tu-huy-phat,https://ho-chi-minh.congtydoanhnghiep.com/quan-go-vap,16
https://ho-chi-minh.congtydoanhnghiep.com/cong-ty-co-phan-thuong-mai-dich-vu-mcb,https://ho-chi-minh.congtydoanhnghiep.com/quan-go-vap,16
https://ho-chi-minh.congtydoanhnghiep.com/cong-ty-tnhh-dau-tu-thuong-mai-dich-vu-thinh-tin-phat,https://ho-chi-minh.congtydoanhnghiep.com/quan-go-vap,16
https://ho-chi-minh.congtydoanhnghiep.com/cong-ty-co-phan-dau-tu-xay-dung-nahy-jsc,https://ho-chi-minh.congtydoanhnghiep.com/quan-go-vap,16
https://ho-chi-minh.congtydoanhnghiep.com/cong-ty-tnhh-thuong-mai-dich-vu-hp-bio-new,https://ho-chi-minh.congtydoanhnghiep.com/quan-go-vap,17
https://ho-chi-minh.congtydoanhnghiep.com/cong-ty-tnhh-phat-trien-chau-phat,https://ho-chi-minh.congtydoanhnghiep.com/quan-go-vap,17
https://ho-chi-minh.congtydoanhnghiep.com/cong-ty-tnhh-mot-thanh-vien-thuong-mai-dich-vu-kien-tue,https://ho-chi-minh.congtydoanhnghiep.com/quan-go-vap,18
https://ho-chi-minh.congtydoanhnghiep.com/cong-ty-tnhh-mtv-trung-sneaker,https://ho-chi-minh.congtydoanhnghiep.com/quan-go-vap,18
https://ho-chi-minh.congtydoanhnghiep.com/cong-ty-tnhh-phat-trien-thuong-mai-dich-vu-vinh-thinh,https://ho-chi-minh.congtydoanhnghiep.com/quan-go-vap,18
https://ho-chi-minh.congtydoanhnghiep.com/cong-ty-tnhh-thiet-bi-y-te-sung-viet-nam,https://ho-chi-minh.congtydoanhnghiep.com/quan-go-vap,18
https://ho-chi-minh.congtydoanhnghiep.com/cong-ty-tnhh-p-trading,https://ho-chi-minh.congtydoanhnghiep.com/quan-go-vap,19
https://ho-chi-minh.congtydoanhnghiep.com/cong-ty-tnhh-thuong-mai-xuat-nhap-khau-to-gia,https://ho-chi-minh.congtydoanhnghiep.com/quan-go-vap,19
https://ho-chi-minh.congtydoanhnghiep.com/cong-ty-tnhh-thoi-trang-phuong-van,https://ho-chi-minh.congtydoanhnghiep.com/quan-go-vap,19
https://ho-chi-minh.congtydoanhnghiep.com/cong-ty-tnhh-thuong-mai-dich-vu-xay-dung-hoang-tan-dat,https://ho-chi-minh.congtydoanhnghiep.com/quan-go-vap,20
https://ho-chi-minh.congtydoanhnghiep.com/cong-ty-tnhh-tu-dong-hoa-hoang-phuc,https://ho-chi-minh.congtydoanhnghiep.com/quan-go-vap,20
https://ho-chi-minh.congtydoanhnghiep.com/cong-ty-tnhh-dau-tu-van-tai-hai-minh,https://ho-chi-minh.congtydoanhnghiep.com/quan-go-vap,20
https://ho-chi-minh.congtydoanhnghiep.com/cong-ty-tnhh-thuong-mai-dich-vu-gas-dai-thang,https://ho-chi-minh.congtydoanhnghiep.com/quan-go-vap,20
https://ho-chi-minh.congtydoanhnghiep.com/cong-ty-tnhh-xay-dung-thuong-mai-nguyen-tung,https://ho-chi-minh.congtydoanhnghiep.com/quan-go-vap,21
https://ho-chi-minh.congtydoanhnghiep.com/cong-ty-tnhh-giai-phap-cong-nghe-iot-thien-phu,https://ho-chi-minh.congtydoanhnghiep.com/quan-go-vap,21
https://ho-chi-minh.congtydoanhnghiep.com/cong-ty-tnhh-tm-dv-xnk-khanh-toan,https://ho-chi-minh.congtydoanhnghiep.com/quan-go-vap,21
https://ho-chi-minh.congtydoanhnghiep.com/cong-ty-tnhh-nang-luong-va-ky-thuat-htc,https://ho-chi-minh.congtydoanhnghiep.com/quan-go-vap,21
https://ho-chi-minh.congtydoanhnghiep.com/cong-ty-tnhh-tm-ktdv-tam-thinh-phat,https://ho-chi-minh.congtydoanhnghiep.com/quan-go-vap,22
https://ho-chi-minh.congtydoanhnghiep.com/cong-ty-tnhh-minh-khanh-foods,https://ho-chi-minh.congtydoanhnghiep.com/quan-go-vap,22
https://ho-chi-minh.congtydoanhnghiep.com/cong-ty-tnhh-cong-nghe-tc-tech,https://ho-chi-minh.congtydoanhnghiep.com/quan-go-vap,22
https://ho-chi-minh.congtydoanhnghiep.com/cong-ty-tnhh-mtv-vuong-khang,https://ho-chi-minh.congtydoanhnghiep.com/quan-go-vap,23
https://ho-chi-minh.congtydoanhnghiep.com/cong-ty-tnhh-thuong-mai-dich-vu-ky-thuat-tran-thanh,https://ho-chi-minh.congtydoanhnghiep.com/quan-go-vap,23
https://ho-chi-minh.congtydoanhnghiep.com/cong-ty-tnhh-nova-sapa,https://ho-chi-minh.congtydoanhnghiep.com/quan-go-vap,23
https://ho-chi-minh.congtydoanhnghiep.com/cong-ty-tnhh-hoa-dau-minh-quang,https://ho-chi-minh.congtydoanhnghiep.com/quan-go-vap,23
https://ho-chi-minh.congtydoanhnghiep.com/cong-ty-tnhh-thuong-mai-dich-vu-l68,https://ho-chi-minh.congtydoanhnghiep.com/quan-go-vap,23
https://ho-chi-minh.congtydoanhnghiep.com/cong-ty-tnhh-ky-thuat-va-thuong-mai-ras,https://ho-chi-minh.congtydoanhnghiep.com/quan-go-vap,24
https://ho-chi-minh.congtydoanhnghiep.com/cong-ty-tnhh-thuong-mai-dich-vu-van-tai-quy-thanh,https://ho-chi-minh.congtydoanhnghiep.com/quan-go-vap,24
https://ho-chi-minh.congtydoanhnghiep.com/cong-ty-tnhh-van-tai-stts,https://ho-chi-minh.congtydoanhnghiep.com/quan-go-vap,24
https://ho-chi-minh.congtydoanhnghiep.com/cong-ty-tnhh-thuong-mai-san-xuat-qua-tang-viet-first,https://ho-chi-minh.congtydoanhnghiep.com/quan-go-vap,25
https://ho-chi-minh.congtydoanhnghiep.com/cong-ty-tnhh-thuong-mai-ky-thuat-dien-lanh-xuan-hong,https://ho-chi-minh.congtydoanhnghiep.com/quan-go-vap,25
https://ho-chi-minh.congtydoanhnghiep.com/cong-ty-tnhh-san-xuat-thuong-mai-dich-vu-phanco,https://ho-chi-minh.congtydoanhnghiep.com/quan-go-vap,25
https://ho-chi-minh.congtydoanhnghiep.com/cong-ty-tnhh-go-my-nghe-nam-viet,https://ho-chi-minh.congtydoanhnghiep.com/quan-go-vap,25
https://ho-chi-minh.congtydoanhnghiep.com/cong-ty-tnhh-tikasa,https://ho-chi-minh.congtydoanhnghiep.com/quan-go-vap,26
https://ho-chi-minh.congtydoanhnghiep.com/cong-ty-tnhh-thuong-mai-dich-vu-san-xuat-xuat-nhap-khau-dai-cat,https://ho-chi-minh.congtydoanhnghiep.com/quan-go-vap,26
https://ho-chi-minh.congtydoanhnghiep.com/cong-ty-tnhh-gena-holding,https://ho-chi-minh.congtydoanhnghiep.com/quan-go-vap,27
https://ho-chi-minh.congtydoanhnghiep.com/cong-ty-tnhh-thuong-mai-ngan-linh,https://ho-chi-minh.congtydoanhnghiep.com/quan-go-vap,27
https://ho-chi-minh.congtydoanhnghiep.com/cong-ty-co-phan-victory-pharma-group,https://ho-chi-minh.congtydoanhnghiep.com/quan-go-vap,28
https://ho-chi-minh.congtydoanhnghiep.com/cong-ty-co-phan-tap-doan-tinh-hoa-dat-viet,https://ho-chi-minh.congtydoanhnghiep.com/quan-go-vap,28
https://ho-chi-minh.congtydoanhnghiep.com/cong-ty-tnhh-kinh-doanh-phat-trien-vo-gia,https://ho-chi-minh.congtydoanhnghiep.com/quan-go-vap,28
https://ho-chi-minh.congtydoanhnghiep.com/cong-ty-co-phan-quang-phuc-hung,https://ho-chi-minh.congtydoanhnghiep.com/quan-go-vap,29
https://ho-chi-minh.congtydoanhnghiep.com/cong-ty-co-phan-thuong-mai-dich-vu-san-xuat-son-nam,https://ho-chi-minh.congtydoanhnghiep.com/quan-go-vap,29
https://ho-chi-minh.congtydoanhnghiep.com/cong-ty-tnhh-thiet-ke-kien-truc-noi-that-laladecor,https://ho-chi-minh.congtydoanhnghiep.com/quan-go-vap,30
https://ho-chi-minh.congtydoanhnghiep.com/cong-ty-tnhh-the-thao-poca,https://ho-chi-minh.congtydoanhnghiep.com/quan-go-vap,30
https://ho-chi-minh.congtydoanhnghiep.com/cong-ty-tnhh-thuong-mai-dich-vu-san-xuat-nguyen-ton,https://ho-chi-minh.congtydoanhnghiep.com/quan-go-vap,30
https://ho-chi-minh.congtydoanhnghiep.com/cong-ty-tnhh-thuong-mai-quynh-tran,https://ho-chi-minh.congtydoanhnghiep.com/quan-go-vap,31
https://ho-chi-minh.congtydoanhnghiep.com/cong-ty-co-phan-san-xuat-thuong-mai-dich-vu-y-viet-my,https://ho-chi-minh.congtydoanhnghiep.com/quan-go-vap,31
https://ho-chi-minh.congtydoanhnghiep.com/cong-ty-tnhh-thuong-mai-xuat-nhap-khau-thuy-moc-gia,https://ho-chi-minh.congtydoanhnghiep.com/quan-go-vap,31
https://ho-chi-minh.congtydoanhnghiep.com/cong-ty-tnhh-thuong-mai-xuat-nhap-khau-plt-viet-nam,https://ho-chi-minh.congtydoanhnghiep.com/quan-go-vap,31
https://ho-chi-minh.congtydoanhnghiep.com/cong-ty-tnhh-thuong-mai-yen-sao-phuong-thao,https://ho-chi-minh.congtydoanhnghiep.com/quan-go-vap,31
https://ho-chi-minh.congtydoanhnghiep.com/cong-ty-tnhh-quynh-kim-huy,https://ho-chi-minh.congtydoanhnghiep.com/quan-go-vap,32
https://ho-chi-minh.congtydoanhnghiep.com/cong-ty-tnhh-thuong-mai-xuat-nhap-khau-sai-gon-hung-vuong,https://ho-chi-minh.congtydoanhnghiep.com/quan-go-vap,32
https://ho-chi-minh.congtydoanhnghiep.com/cong-ty-tnhh-liaa,https://ho-chi-minh.congtydoanhnghiep.com/quan-go-vap,32
https://ho-chi-minh.congtydoanhnghiep.com/cong-ty-tnhh-thuong-mai-anh-nghiep,https://ho-chi-minh.congtydoanhnghiep.com/quan-go-vap,32
https://ho-chi-minh.congtydoanhnghiep.com/cong-ty-co-phan-cung-ung-nhan-luc-indopaci,https://ho-chi-minh.congtydoanhnghiep.com/quan-go-vap,32
https://ho-chi-minh.congtydoanhnghiep.com/cong-ty-tnhh-mot-thanh-vien-thuong-mai-dich-vu-quang-vinh-lqv,https://ho-chi-minh.congtydoanhnghiep.com/quan-go-vap,32
https://ho-chi-minh.congtydoanhnghiep.com/cong-ty-tnhh-istone,https://ho-chi-minh.congtydoanhnghiep.com/quan-go-vap,33
https://ho-chi-minh.congtydoanhnghiep.com/cong-ty-co-phan-milena,https://ho-chi-minh.congtydoanhnghiep.com/quan-go-vap,33
https://ho-chi-minh.congtydoanhnghiep.com/cong-ty-tnhh-xnk-thanh-thanh-hcm,https://ho-chi-minh.congtydoanhnghiep.com/quan-go-vap,33
https://ho-chi-minh.congtydoanhnghiep.com/cong-ty-tnhh-villa-green,https://ho-chi-minh.congtydoanhnghiep.com/quan-go-vap,33
https://ho-chi-minh.congtydoanhnghiep.com/cong-ty-tnhh-co-khi-va-xay-dung-ttc,https://ho-chi-minh.congtydoanhnghiep.com/quan-go-vap,33
https://ho-chi-minh.congtydoanhnghiep.com/cong-ty-tnhh-mot-thanh-vien-dich-vu-thuong-mai-dau-tu-loc-xuan,https://ho-chi-minh.congtydoanhnghiep.com/quan-go-vap,33
https://ho-chi-minh.congtydoanhnghiep.com/cong-ty-tnhh-dau-tu-hoang-khoi,https://ho-chi-minh.congtydoanhnghiep.com/quan-go-vap,33
https://ho-chi-minh.congtydoanhnghiep.com/cong-ty-tnhh-phuc-full-face,https://ho-chi-minh.congtydoanhnghiep.com/quan-go-vap,34
https://ho-chi-minh.congtydoanhnghiep.com/cong-ty-tnhh-tm-dv-an-phuc-minh,https://ho-chi-minh.congtydoanhnghiep.com/quan-go-vap,34
https://ho-chi-minh.congtydoanhnghiep.com/cong-ty-tnhh-mot-thanh-vien-thuong-mai-son-viet-tiep,https://ho-chi-minh.congtydoanhnghiep.com/quan-go-vap,34
https://ho-chi-minh.congtydoanhnghiep.com/cong-ty-co-phan-loc-xanh-phat,https://ho-chi-minh.congtydoanhnghiep.com/quan-go-vap,35
https://ho-chi-minh.congtydoanhnghiep.com/cong-ty-tnhh-thuong-mai-dich-vu-quoc-te-tam-an,https://ho-chi-minh.congtydoanhnghiep.com/quan-go-vap,35
https://ho-chi-minh.congtydoanhnghiep.com/cong-ty-tnhh-biviko,https://ho-chi-minh.congtydoanhnghiep.com/quan-go-vap,36
https://ho-chi-minh.congtydoanhnghiep.com/cong-ty-tnhh-body-fate-happy-van-y,https://ho-chi-minh.congtydoanhnghiep.com/quan-go-vap,36
https://ho-chi-minh.congtydoanhnghiep.com/cong-ty-tnhh-my-pham-ila,https://ho-chi-minh.congtydoanhnghiep.com/quan-go-vap,36
https://ho-chi-minh.congtydoanhnghiep.com/cong-ty-tnhh-lien-ket-phat-trien-toan-cau,https://ho-chi-minh.congtydoanhnghiep.com/quan-go-vap,36
https://ho-chi-minh.congtydoanhnghiep.com/cong-ty-tnhh-dich-vu-thuong-mai-san-xuat-ngoc-anh-phat,https://ho-chi-minh.congtydoanhnghiep.com/quan-go-vap,37
https://ho-chi-minh.congtydoanhnghiep.com/cong-ty-tnhh-thuong-mai-dich-vu-dau-tu-toan-cau-minh-anh,https://ho-chi-minh.congtydoanhnghiep.com/quan-go-vap,37
https://ho-chi-minh.congtydoanhnghiep.com/cong-ty-tnhh-mtv-thuong-mai-dich-vu-nguyen-binh,https://ho-chi-minh.congtydoanhnghiep.com/quan-go-vap,37
https://ho-chi-minh.congtydoanhnghiep.com/cong-ty-tnhh-thuong-mai-dich-vu-van-tai-quoc-thien,https://ho-chi-minh.congtydoanhnghiep.com/quan-go-vap,38
https://ho-chi-minh.congtydoanhnghiep.com/cong-ty-tnhh-thuong-mai-dich-vu-gems,https://ho-chi-minh.congtydoanhnghiep.com/quan-go-vap,39
https://ho-chi-minh.congtydoanhnghiep.com/cong-ty-tnhh-phu-kien-thoi-trang-hanh-duong,https://ho-chi-minh.congtydoanhnghiep.com/quan-go-vap,39
https://ho-chi-minh.congtydoanhnghiep.com/cong-ty-tnhh-vat-lieu-esti,https://ho-chi-minh.congtydoanhnghiep.com/quan-go-vap,39
https://ho-chi-minh.congtydoanhnghiep.com/cong-ty-tnhh-adi-ami,https://ho-chi-minh.congtydoanhnghiep.com/quan-go-vap,39
https://ho-chi-minh.congtydoanhnghiep.com/cong-ty-tnhh-giai-phap-npk-express,https://ho-chi-minh.congtydoanhnghiep.com/quan-go-vap,39
https://ho-chi-minh.congtydoanhnghiep.com/cong-ty-tnhh-thuong-mai-xay-dung-tong-hop-anh-thu,https://ho-chi-minh.congtydoanhnghiep.com/quan-go-vap,39
https://ho-chi-minh.congtydoanhnghiep.com/cong-ty-tnhh-thuong-mai-dich-vu-xuat-nhap-khau-thuy-nong-phat,https://ho-chi-minh.congtydoanhnghiep.com/quan-go-vap,41
https://ho-chi-minh.congtydoanhnghiep.com/cong-ty-tnhh-thuong-mai-dich-vu-van-tai-song-han,https://ho-chi-minh.congtydoanhnghiep.com/quan-go-vap,41
https://ho-chi-minh.congtydoanhnghiep.com/cong-ty-tnhh-thuong-mai-dich-vu-sunbeam,https://ho-chi-minh.congtydoanhnghiep.com/quan-go-vap,41
https://ho-chi-minh.congtydoanhnghiep.com/cong-ty-tnhh-the-sun-sai-gon,https://ho-chi-minh.congtydoanhnghiep.com/quan-go-vap,42
https://ho-chi-minh.congtydoanhnghiep.com/cong-ty-tnhh-xuat-nhap-khau-ky-thuat-viet-thai,https://ho-chi-minh.congtydoanhnghiep.com/quan-go-vap,42
https://ho-chi-minh.congtydoanhnghiep.com/cong-ty-co-phan-quang-cao-noi-that-pic,https://ho-chi-minh.congtydoanhnghiep.com/quan-go-vap,42
https://ho-chi-minh.congtydoanhnghiep.com/cong-ty-tnhh-nikko-material,https://ho-chi-minh.congtydoanhnghiep.com/quan-go-vap,42
https://ho-chi-minh.congtydoanhnghiep.com/cong-ty-tnhh-thuong-mai-dich-vu-dau-tu-khuong-the,https://ho-chi-minh.congtydoanhnghiep.com/quan-go-vap,42
https://ho-chi-minh.congtydoanhnghiep.com/cong-ty-tnhh-dich-vu-xuat-nhap-khau-kg-trading,https://ho-chi-minh.congtydoanhnghiep.com/quan-go-vap,43
https://ho-chi-minh.congtydoanhnghiep.com/cong-ty-tnhh-san-xuat-va-thuong-mai-green-future-viet-nam,https://ho-chi-minh.congtydoanhnghiep.com/quan-go-vap,43
https://ho-chi-minh.congtydoanhnghiep.com/cong-ty-tnhh-xuat-nhap-khau-nang-luong-thien-phat,https://ho-chi-minh.congtydoanhnghiep.com/quan-go-vap,43
https://ho-chi-minh.congtydoanhnghiep.com/cong-ty-tnhh-xuat-nhap-khau-nang-luong-vien-ngoc-xanh,https://ho-chi-minh.congtydoanhnghiep.com/quan-go-vap,43
https://ho-chi-minh.congtydoanhnghiep.com/cong-ty-tnhh-mtv-tu-van-thiet-ke-xay-dung-lk,https://ho-chi-minh.congtydoanhnghiep.com/quan-go-vap,43
https://ho-chi-minh.congtydoanhnghiep.com/cong-ty-tnhh-thuong-mai-dich-vu-san-xuat-thanh-quy,https://ho-chi-minh.congtydoanhnghiep.com/quan-go-vap,44
https://ho-chi-minh.congtydoanhnghiep.com/cong-ty-tnhh-san-xuat-thuong-mai-dich-vu-spure,https://ho-chi-minh.congtydoanhnghiep.com/quan-go-vap,45
https://ho-chi-minh.congtydoanhnghiep.com/cong-ty-tnhh-yct,https://ho-chi-minh.congtydoanhnghiep.com/quan-go-vap,45
https://ho-chi-minh.congtydoanhnghiep.com/cong-ty-tnhh-buttercup,https://ho-chi-minh.congtydoanhnghiep.com/quan-go-vap,47
https://ho-chi-minh.congtydoanhnghiep.com/cong-ty-co-phan-fnd-logistics,https://ho-chi-minh.congtydoanhnghiep.com/quan-go-vap,47
https://ho-chi-minh.congtydoanhnghiep.com/cong-ty-tnhh-thuong-mai-dich-vu-thiet-ke-xay-dung-hop-phat,https://ho-chi-minh.congtydoanhnghiep.com/quan-go-vap,47
https://ho-chi-minh.congtydoanhnghiep.com/cong-ty-tnhh-thuong-mai-dich-vu-loc-minh-khoi,https://ho-chi-minh.congtydoanhnghiep.com/quan-go-vap,47
https://ho-chi-minh.congtydoanhnghiep.com/cong-ty-tnhh-tu-van-thiet-ke-xay-dungtien-hung,https://ho-chi-minh.congtydoanhnghiep.com/quan-go-vap,47
https://ho-chi-minh.congtydoanhnghiep.com/cong-ty-tnhh-thuong-mai-xay-dung-thanh-hiep-phat,https://ho-chi-minh.congtydoanhnghiep.com/quan-go-vap,47
https://ho-chi-minh.congtydoanhnghiep.com/cong-ty-tnhh-huynh-dong-phong,https://ho-chi-minh.congtydoanhnghiep.com/quan-go-vap,48
https://ho-chi-minh.congtydoanhnghiep.com/cong-ty-tnhh-thuong-mai-san-xuat-va-dich-vu-dong-phuc,https://ho-chi-minh.congtydoanhnghiep.com/quan-go-vap,48
https://ho-chi-minh.congtydoanhnghiep.com/cong-ty-tnhh-mtv-san-xuat-thuong-mai-dich-vu-tingo,https://ho-chi-minh.congtydoanhnghiep.com/quan-go-vap,48
https://ho-chi-minh.congtydoanhnghiep.com/cong-ty-co-phan-beo,https://ho-chi-minh.congtydoanhnghiep.com/quan-go-vap,48
https://ho-chi-minh.congtydoanhnghiep.com/cong-ty-tnhh-bien-long-group,https://ho-chi-minh.congtydoanhnghiep.com/quan-go-vap,49
https://ho-chi-minh.congtydoanhnghiep.com/cong-ty-cp-dau-tu-thuong-mai-va-xay-dung-dia-oc-bao-ngoc-group,https://ho-chi-minh.congtydoanhnghiep.com/quan-go-vap,49
https://ho-chi-minh.congtydoanhnghiep.com/cong-ty-tnhh-cong-nghe-sinh-hoc-moi-truong-kien-thang,https://ho-chi-minh.congtydoanhnghiep.com/quan-go-vap,49
https://ho-chi-minh.congtydoanhnghiep.com/cong-ty-tnhh-nha-khoa-white-king,https://ho-chi-minh.congtydoanhnghiep.com/quan-go-vap,49
https://ho-chi-minh.congtydoanhnghiep.com/cong-ty-tnhh-uncle-long,https://ho-chi-minh.congtydoanhnghiep.com/quan-go-vap,49
https://ho-chi-minh.congtydoanhnghiep.com/cong-ty-tnhh-toan-tai-ky,https://ho-chi-minh.congtydoanhnghiep.com/quan-go-vap,49
https://ho-chi-minh.congtydoanhnghiep.com/cong-ty-tnhh-thuong-mai-dich-vu-dau-tu-san-xuat-hung-thinh,https://ho-chi-minh.congtydoanhnghiep.com/quan-go-vap,49
https://ho-chi-minh.congtydoanhnghiep.com/cong-ty-tnhh-thuong-mai-dich-vu-minh-an-sai-gon,https://ho-chi-minh.congtydoanhnghiep.com/quan-go-vap,49
https://ho-chi-minh.congtydoanhnghiep.com/cong-ty-tnhh-thuong-mai-va-dich-vu-thuong-ngo,https://ho-chi-minh.congtydoanhnghiep.com/quan-go-vap,50
https://ho-chi-minh.congtydoanhnghiep.com/cong-ty-tnhh-dai-phuc-van,https://ho-chi-minh.congtydoanhnghiep.com/quan-go-vap,50
https://ho-chi-minh.congtydoanhnghiep.com/cong-ty-tnhh-dau-tu-va-thuong-mai-tvu,https://ho-chi-minh.congtydoanhnghiep.com/quan-go-vap,51
https://ho-chi-minh.congtydoanhnghiep.com/cong-ty-tnhh-dich-vu-cong-nghiep-dong-tay,https://ho-chi-minh.congtydoanhnghiep.com/quan-go-vap,51
https://ho-chi-minh.congtydoanhnghiep.com/cong-ty-tnhh-trang-thiet-bi-bao-ho-phi-long,https://ho-chi-minh.congtydoanhnghiep.com/quan-go-vap,52
https://ho-chi-minh.congtydoanhnghiep.com/cong-ty-tnhh-dich-vu-giao-nhan-van-tai-phuong-hung,https://ho-chi-minh.congtydoanhnghiep.com/quan-go-vap,53
https://ho-chi-minh.congtydoanhnghiep.com/cong-ty-tnhh-thuong-mai-quoc-te-khang-binh,https://ho-chi-minh.congtydoanhnghiep.com/quan-go-vap,53
https://ho-chi-minh.congtydoanhnghiep.com/cong-ty-co-phan-benh-vien-quoc-te-115,https://ho-chi-minh.congtydoanhnghiep.com/quan-go-vap,53
https://ho-chi-minh.congtydoanhnghiep.com/cong-ty-tnhh-xnk-ronald-jack-viet-nam,https://ho-chi-minh.congtydoanhnghiep.com/quan-go-vap,53
https://ho-chi-minh.congtydoanhnghiep.com/cong-ty-tnhh-xuat-nhap-khau-pita,https://ho-chi-minh.congtydoanhnghiep.com/quan-go-vap,53
https://ho-chi-minh.congtydoanhnghiep.com/cong-ty-tnhh-xuat-nhap-khau-ict,https://ho-chi-minh.congtydoanhnghiep.com/quan-go-vap,54
https://ho-chi-minh.congtydoanhnghiep.com/cong-ty-tnhh-vb,https://ho-chi-minh.congtydoanhnghiep.com/quan-go-vap,54
https://ho-chi-minh.congtydoanhnghiep.com/cong-ty-tnhh-thuong-mai-dich-vu-fresh-pro,https://ho-chi-minh.congtydoanhnghiep.com/quan-go-vap,54
https://ho-chi-minh.congtydoanhnghiep.com/cong-ty-tnhh-thuan-gia-khang,https://ho-chi-minh.congtydoanhnghiep.com/quan-go-vap,55
https://ho-chi-minh.congtydoanhnghiep.com/cong-ty-tnhh-tm-dv-xnk-hai-yen-food,https://ho-chi-minh.congtydoanhnghiep.com/quan-go-vap,55
https://ho-chi-minh.congtydoanhnghiep.com/cong-ty-tnhh-thuong-mai-dich-vu-dau-tu-dien-vy,https://ho-chi-minh.congtydoanhnghiep.com/quan-go-vap,55
https://ho-chi-minh.congtydoanhnghiep.com/cong-ty-tnhh-dich-vu-hotel-quynh-nhu,https://ho-chi-minh.congtydoanhnghiep.com/quan-go-vap,56
https://ho-chi-minh.congtydoanhnghiep.com/cong-ty-tnhh-ky-thuat-cong-nghe-qs,https://ho-chi-minh.congtydoanhnghiep.com/quan-go-vap,56
https://ho-chi-minh.congtydoanhnghiep.com/cong-ty-tnhh-beauty-slon-ai-hue-4h,https://ho-chi-minh.congtydoanhnghiep.com/quan-go-vap,56
https://ho-chi-minh.congtydoanhnghiep.com/cong-ty-tnhh-beauty-chame-vietnam,https://ho-chi-minh.congtydoanhnghiep.com/quan-go-vap,56
https://ho-chi-minh.congtydoanhnghiep.com/cong-ty-tnhh-thuong-mai-va-dich-vu-thuc-pham-bao-phuc,https://ho-chi-minh.congtydoanhnghiep.com/quan-go-vap,56
https://ho-chi-minh.congtydoanhnghiep.com/cong-ty-co-phan-dien-tu-gia-dung-ky-nguyen,https://ho-chi-minh.congtydoanhnghiep.com/quan-go-vap,57
https://ho-chi-minh.congtydoanhnghiep.com/cong-ty-co-phan-tu-van-thiet-ke-dau-tu-beo-concept,https://ho-chi-minh.congtydoanhnghiep.com/quan-go-vap,58
https://ho-chi-minh.congtydoanhnghiep.com/cong-ty-tnhh-xay-dung-pho-nui,https://ho-chi-minh.congtydoanhnghiep.com/quan-go-vap,58
https://ho-chi-minh.congtydoanhnghiep.com/cong-ty-co-phan-vinatekcom,https://ho-chi-minh.congtydoanhnghiep.com/quan-go-vap,58
https://ho-chi-minh.congtydoanhnghiep.com/cong-ty-tnhh-thuong-mai-xay-dung-phong-viet,https://ho-chi-minh.congtydoanhnghiep.com/quan-go-vap,59
https://ho-chi-minh.congtydoanhnghiep.com/cong-ty-co-phan-ky-thuat-thuong-mai-phu-nam,https://ho-chi-minh.congtydoanhnghiep.com/quan-go-vap,59
https://ho-chi-minh.congtydoanhnghiep.com/cong-ty-tnhh-thuong-mai-dich-vu-an-vinh-phu,https://ho-chi-minh.congtydoanhnghiep.com/quan-go-vap,60
https://ho-chi-minh.congtydoanhnghiep.com/cong-ty-tnhh-thuong-mai-dich-vu-toan-dai-loi,https://ho-chi-minh.congtydoanhnghiep.com/quan-go-vap,60
https://ho-chi-minh.congtydoanhnghiep.com/cong-ty-tnhh-dau-tu-cpn,https://ho-chi-minh.congtydoanhnghiep.com/quan-go-vap,60
https://ho-chi-minh.congtydoanhnghiep.com/cong-ty-tnhh-a-chau-green-fuel,https://ho-chi-minh.congtydoanhnghiep.com/quan-go-vap,60
https://ho-chi-minh.congtydoanhnghiep.com/cong-ty-tnhh-thuong-mai-dich-vu-think-smart,https://ho-chi-minh.congtydoanhnghiep.com/quan-go-vap,61
https://ho-chi-minh.congtydoanhnghiep.com/cong-ty-tnhh-vat-lieu-viet-nam,https://ho-chi-minh.congtydoanhnghiep.com/quan-go-vap,61
https://ho-chi-minh.congtydoanhnghiep.com/cong-ty-tnhh-civi,https://ho-chi-minh.congtydoanhnghiep.com/quan-go-vap,62
https://ho-chi-minh.congtydoanhnghiep.com/cong-ty-tnhh-thuong-mai-dich-vu-hang-hai-ngoc-long,https://ho-chi-minh.congtydoanhnghiep.com/quan-go-vap,62
https://ho-chi-minh.congtydoanhnghiep.com/cong-ty-tnhh-san-xuat-thuong-mai-xay-dung-anh-viet,https://ho-chi-minh.congtydoanhnghiep.com/quan-go-vap,63
https://ho-chi-minh.congtydoanhnghiep.com/cong-ty-tnhh-san-xuat-thuong-mai-dich-vu-hifatex,https://ho-chi-minh.congtydoanhnghiep.com/quan-go-vap,63
https://ho-chi-minh.congtydoanhnghiep.com/cong-ty-tnhh-ky-thuat-nam-phat,https://ho-chi-minh.congtydoanhnghiep.com/quan-go-vap,63
https://ho-chi-minh.congtydoanhnghiep.com/cong-ty-tnhh-mot-thanh-vien-xay-dung-tran-thuan-phat,https://ho-chi-minh.congtydoanhnghiep.com/quan-go-vap,63
https://ho-chi-minh.congtydoanhnghiep.com/cong-ty-tnhh-nam-anh-vinh,https://ho-chi-minh.congtydoanhnghiep.com/quan-go-vap,63
https://ho-chi-minh.congtydoanhnghiep.com/cong-ty-tnhh-kinh-doanh-tran-dinh,https://ho-chi-minh.congtydoanhnghiep.com/quan-go-vap,63
https://ho-chi-minh.congtydoanhnghiep.com/cong-ty-tnhh-san-xuat-thuong-mai-dich-vu-thu-an,https://ho-chi-minh.congtydoanhnghiep.com/quan-go-vap,64
https://ho-chi-minh.congtydoanhnghiep.com/cong-ty-co-phan-thiet-bi-thi-nghiem-xay-dung-sai-gon-ha-noi,https://ho-chi-minh.congtydoanhnghiep.com/quan-go-vap,65
https://ho-chi-minh.congtydoanhnghiep.com/cong-ty-tnhh-thuong-mai-dich-vu-mua-sam-sck,https://ho-chi-minh.congtydoanhnghiep.com/quan-go-vap,65
https://ho-chi-minh.congtydoanhnghiep.com/cong-ty-tnhh-dich-vu-tong-hop-an-phu-khang,https://ho-chi-minh.congtydoanhnghiep.com/quan-go-vap,66
https://ho-chi-minh.congtydoanhnghiep.com/cong-ty-tnhh-san-xuat-thuong-mai-dich-vu-bao-ho-lao-dong-sato,https://ho-chi-minh.congtydoanhnghiep.com/quan-go-vap,66
https://ho-chi-minh.congtydoanhnghiep.com/cong-ty-tnhh-xuat-nhap-khau-kingbuy-viet-nam,https://ho-chi-minh.congtydoanhnghiep.com/quan-go-vap,66
https://ho-chi-minh.congtydoanhnghiep.com/cong-ty-tnhh-thuong-mai-van-tai-du-lich-hoang-minh-tu,https://ho-chi-minh.congtydoanhnghiep.com/quan-go-vap,66
https://ho-chi-minh.congtydoanhnghiep.com/cong-ty-tnhh-ba-do-na,https://ho-chi-minh.congtydoanhnghiep.com/quan-go-vap,67
https://ho-chi-minh.congtydoanhnghiep.com/cong-ty-tnhh-phan-phoi-best-viet-nam,https://ho-chi-minh.congtydoanhnghiep.com/quan-go-vap,67
https://ho-chi-minh.congtydoanhnghiep.com/cong-ty-tnhh-thuong-mai-dich-vu-wai-hai-viet-nam,https://ho-chi-minh.congtydoanhnghiep.com/quan-go-vap,67
https://ho-chi-minh.congtydoanhnghiep.com/cong-ty-tnhh-thuong-mai-dich-vu-lien-ket-nhanh,https://ho-chi-minh.congtydoanhnghiep.com/quan-go-vap,67
https://ho-chi-minh.congtydoanhnghiep.com/cong-ty-co-phan-san-xuat-thuong-mai-xuat-nhap-khau-dich-vu-in-an-quang-cao-hoang-mien,https://ho-chi-minh.congtydoanhnghiep.com/quan-go-vap,74
https://ho-chi-minh.congtydoanhnghiep.com/cong-ty-tnhh-mot-thanh-vien-truyen-hinh-giao-duc-va-phap-luat,https://ho-chi-minh.congtydoanhnghiep.com/quan-go-vap,76
https://ho-chi-minh.congtydoanhnghiep.com/cong-ty-tnhh-tu-van-du-hoc-one-plus,https://ho-chi-minh.congtydoanhnghiep.com/quan-go-vap,79
https://ho-chi-minh.congtydoanhnghiep.com/cong-ty-tnhh-mot-thanh-vien-thuong-mai-dich-vu-van-chuyen-p-h,https://ho-chi-minh.congtydoanhnghiep.com/quan-go-vap,86
https://ho-chi-minh.congtydoanhnghiep.com/cong-ty-tnhh-mot-thanh-vien-tu-van-dich-vu-giao-duc-va-du-lich-tan-van-chi-nhanh-trung-tam-ngoai-ngu-tan-van-trung-tam-giao-duc,https://ho-chi-minh.congtydoanhnghiep.com/quan-go-vap,90
https://ho-chi-minh.congtydoanhnghiep.com/van-phong-dai-dien-thanh-pho-ho-chi-minh-cong-ty-co-phan-dich-vu-truyen-thong-va-cong-nghe-thong-tin-ha-noi,https://ho-chi-minh.congtydoanhnghiep.com/quan-go-vap,92
https://ho-chi-minh.congtydoanhnghiep.com/chi-nhanh-tai-tp-ho-chi-minh-cong-ty-co-phan-phat-trien-nhan-luc-va-thuong-mai-viet-nam-tp-ha-noi,https://ho-chi-minh.congtydoanhnghiep.com/quan-go-vap,92
https://ho-chi-minh.congtydoanhnghiep.com/chi-nhanh-cong-ty-trach-nhiem-huu-han-mot-thanh-vien-thuong-mai-dich-vu-the-thao-va-nghe-thuat-duyen-dang-viet,https://ho-chi-minh.congtydoanhnghiep.com/quan-go-vap,97
https://ho-chi-minh.congtydoanhnghiep.com/chi-nhanh-cong-ty-tnhh-mot-thanh-vien-san-xuat-thuong-mai-dich-vu-dong-hung-phat-showroom-noi-that-ben-thanh,https://ho-chi-minh.congtydoanhnghiep.com/quan-go-vap,98
https://ho-chi-minh.congtydoanhnghiep.com/cong-ty-tnhh-gia-thuy-ntnn,https://ho-chi-minh.congtydoanhnghiep.com/quan-go-vap,108
https://ho-chi-minh.congtydoanhnghiep.com/cong-ty-tnhh-phat-trien-cong-nghe-copacs,https://ho-chi-minh.congtydoanhnghiep.com/quan-go-vap,125
https://ho-chi-minh.congtydoanhnghiep.com/van-phong-dai-dien-cong-ty-co-phan-ky-thuat-nam-cong,https://ho-chi-minh.congtydoanhnghiep.com/quan-binh-tan,406
https://ho-chi-minh.congtydoanhnghiep.com/dntn-thuong-mai-dich-vu-du-lich-trai-tim-viet,https://ho-chi-minh.congtydoanhnghiep.com/quan-2,391
https://ho-chi-minh.congtydoanhnghiep.com/nguyen-thi-thu-phuong,https://ho-chi-minh.congtydoanhnghiep.com/quan-5,150
https://ho-chi-minh.congtydoanhnghiep.com/dntn-kinh-doanh-vang-lan-ngoc-0301923114,https://ho-chi-minh.congtydoanhnghiep.com/quan-5,314
https://ho-chi-minh.congtydoanhnghiep.com/dntn-kinh-doanh-vang-phuong-nhu,https://ho-chi-minh.congtydoanhnghiep.com/quan-5,314
https://ho-chi-minh.congtydoanhnghiep.com/vo-thi-thanh-tin,https://ho-chi-minh.congtydoanhnghiep.com/quan-5,446
https://ho-chi-minh.congtydoanhnghiep.com/thai-thi-nhi,https://ho-chi-minh.congtydoanhnghiep.com/quan-5,567
https://ho-chi-minh.congtydoanhnghiep.com/dntn-kinh-doanh-vang-kim-thinh,https://ho-chi-minh.congtydoanhnghiep.com/quan-11,95
https://ho-chi-minh.congtydoanhnghiep.com/cua-hang-duoc-so-3,https://ho-chi-minh.congtydoanhnghiep.com/quan-11,159
https://ho-chi-minh.congtydoanhnghiep.com/doanh-nghiep-tu-nhan-kinh-doanh-vang-kim-lien-10,https://ho-chi-minh.congtydoanhnghiep.com/quan-11,226
https://ho-chi-minh.congtydoanhnghiep.com/dntn-kinh-doanh-vang-kim-hoan-quan-11,https://ho-chi-minh.congtydoanhnghiep.com/quan-11,226
https://ho-chi-minh.congtydoanhnghiep.com/dntn-kinh-doanh-vang-kim-quang-a,https://ho-chi-minh.congtydoanhnghiep.com/quan-11,231
https://ho-chi-minh.congtydoanhnghiep.com/doanh-nghiep-tu-nhan-kinh-doanh-vang-duc-hien,https://ho-chi-minh.congtydoanhnghiep.com/quan-11,234
https://ho-chi-minh.congtydoanhnghiep.com/dntn-kinh-doanh-vang-thai-trang,https://ho-chi-minh.congtydoanhnghiep.com/quan-11,238
https://ho-chi-minh.congtydoanhnghiep.com/dntn-kinh-doanh-vang-xuan-thu,https://ho-chi-minh.congtydoanhnghiep.com/quan-11,238
https://ho-chi-minh.congtydoanhnghiep.com/dntn-kinh-doanh-vang-bac-kim-thuy,https://ho-chi-minh.congtydoanhnghiep.com/quan-11,238
https://ho-chi-minh.congtydoanhnghiep.com/dntn-kinh-doanh-vang-hong-phat,https://ho-chi-minh.congtydoanhnghiep.com/quan-11,238
https://ho-chi-minh.congtydoanhnghiep.com/doanh-nghiep-tn-kinh-doanh-vang-kim-mai,https://ho-chi-minh.congtydoanhnghiep.com/quan-11,240
https://ho-chi-minh.congtydoanhnghiep.com/dntn-kinh-doanh-vang-ngoc-ha-quan-11,https://ho-chi-minh.congtydoanhnghiep.com/quan-11,240
https://ho-chi-minh.congtydoanhnghiep.com/doanh-nghiep-tu-nhan-kinh-doanh-vang-hoang-vinh,https://ho-chi-minh.congtydoanhnghiep.com/quan-11,240
https://ho-chi-minh.congtydoanhnghiep.com/doanh-nghiep-tu-nhan-kinh-doanh-vang-ngoc-khanh-quan-11,https://ho-chi-minh.congtydoanhnghiep.com/quan-11,240
https://ho-chi-minh.congtydoanhnghiep.com/dntn-kinh-doanh-vang-ngoc-son-quan-11,https://ho-chi-minh.congtydoanhnghiep.com/quan-11,252
https://ho-chi-minh.congtydoanhnghiep.com/htx-van-tai-so-10-quan-6,https://ho-chi-minh.congtydoanhnghiep.com/quan-6,240
https://ho-chi-minh.congtydoanhnghiep.com/dntn-thuong-mai-truong-truong-thanh,https://ho-chi-minh.congtydoanhnghiep.com/quan-6,260
https://ha-noi.congtydoanhnghiep.com/bdh-da-dtu-xd-cong-trinh-xd-ttam-xuc-tien-tm-dt-ho-tro-dn-nghe-an-va-cac-tinh-bac-mien-trung-gd-i,https://ha-noi.congtydoanhnghiep.com/quan-dong-da,704
https://ha-noi.congtydoanhnghiep.com/cong-ty-co-phan-noi-that-va-xay-dung-thien-kiet,https://ha-noi.congtydoanhnghiep.com/quan-cau-giay,701
https://ha-noi.congtydoanhnghiep.com/cong-ty-tnhh-dau-tu-thuong-mai-va-dich-vu-phong-phu,https://ha-noi.congtydoanhnghiep.com/quan-cau-giay,1175
https://ha-noi.congtydoanhnghiep.com/trung-tam-dich-vu-va-phat-trien-cong-nghe-nguyen-thi-thu-thuong,https://ha-noi.congtydoanhnghiep.com/quan-thanh-xuan,1328
https://ha-noi.congtydoanhnghiep.com/cong-ty-cp-xay-dung-va-phat-trien-moi-truong-sinh-thai-truong-giang,https://ha-noi.congtydoanhnghiep.com/quan-hoang-mai,346
https://ha-noi.congtydoanhnghiep.com/cong-ty-co-phan-truyen-thong-an-sinh-viet,https://ha-noi.congtydoanhnghiep.com/quan-hoang-mai,702
