https://kenhtuyensinh.com.vn/hoc-vien-cong-nghe-buu-chinh-vien-thong-phia-bac-u-6,0
https://kenhtuyensinh.com.vn/hoc-vien-cong-nghe-buu-chinh-vien-thong-phia-nam-u-7,0
https://kenhtuyensinh.com.vn/dai-hoc-kinh-te-nghe-an-u-10,0
https://kenhtuyensinh.com.vn/dai-hoc-nong-lam-bac-giang-u-16,0
https://kenhtuyensinh.com.vn/dai-hoc-bac-lieu-u-17,0
https://kenhtuyensinh.com.vn/dai-hoc-dien-luc-u-32,0
https://kenhtuyensinh.com.vn/dai-hoc-cong-nghiep-quang-ninh-u-33,0
https://kenhtuyensinh.com.vn/dai-hoc-tai-chinh-quan-tri-kinh-doanh-u-40,0
https://kenhtuyensinh.com.vn/dai-hoc-dan-lap-hai-phong-u-48,0
https://kenhtuyensinh.com.vn/dai-hoc-kinh-te-ky-thuat-binh-duong-u-54,0
https://kenhtuyensinh.com.vn/dai-hoc-tai-chinh-ke-toan-u-58,0
https://kenhtuyensinh.com.vn/dai-hoc-kinh-te-cong-nghiep-long-an-u-62,0
https://kenhtuyensinh.com.vn/dai-hoc-lac-hong-u-63,0
https://kenhtuyensinh.com.vn/dai-hoc-lao-dong-xa-hoi-co-so-phia-nam-u-64,0
https://kenhtuyensinh.com.vn/dai-hoc-lao-dong-xa-hoi-co-so-son-tay-u-65,0
https://kenhtuyensinh.com.vn/dai-hoc-lao-dong-xa-hoi-co-so-ha-noi-u-66,0
https://kenhtuyensinh.com.vn/dai-hoc-hoa-lu-u-70,0
https://kenhtuyensinh.com.vn/dai-hoc-dan-lap-phuong-dong-u-76,0
https://kenhtuyensinh.com.vn/dai-hoc-pham-van-dong-u-77,0
https://kenhtuyensinh.com.vn/dai-hoc-phan-thiet-u-78,0
https://kenhtuyensinh.com.vn/dai-hoc-quang-binh-u-81,0
https://kenhtuyensinh.com.vn/dai-hoc-quy-nhon-u-84,0
https://kenhtuyensinh.com.vn/dai-hoc-quang-trung-u-85,0
https://kenhtuyensinh.com.vn/dai-hoc-quang-nam-u-86,0
https://kenhtuyensinh.com.vn/dai-hoc-thanh-tay-u-89,0
https://kenhtuyensinh.com.vn/dai-hoc-cong-nghe-thong-tin-va-truyen-thong-dai-hoc-thai-nguyen-u-91,0
https://kenhtuyensinh.com.vn/dai-hoc-tay-do-u-92,0
https://kenhtuyensinh.com.vn/dai-hoc-kinh-te-quan-tri-kinh-doanh-dai-hoc-thai-nguyen-u-93,0
https://kenhtuyensinh.com.vn/khoa-ngoai-ngu-dai-hoc-thai-nguyen-u-94,0
https://kenhtuyensinh.com.vn/dai-hoc-thang-long-u-97,0
https://kenhtuyensinh.com.vn/dai-hoc-nong-lam-dai-hoc-thai-nguyen-u-99,0
https://kenhtuyensinh.com.vn/khoa-quoc-te-dai-hoc-thai-nguyen-u-101,0
https://kenhtuyensinh.com.vn/dai-hoc-y-duoc-dai-hoc-thai-nguyen-u-104,0
https://kenhtuyensinh.com.vn/dai-hoc-van-hien-u-107,0
https://kenhtuyensinh.com.vn/dai-hoc-van-lang-u-108,0
https://kenhtuyensinh.com.vn/dai-hoc-tra-vinh-u-109,0
https://kenhtuyensinh.com.vn/dai-hoc-cong-nghe-van-xuan-u-110,0
https://kenhtuyensinh.com.vn/dai-hoc-quoc-te-mien-dong-u-112,0
https://kenhtuyensinh.com.vn/dai-hoc-tai-chinh-ngan-hang-ha-noi-u-113,0
https://kenhtuyensinh.com.vn/dai-hoc-giao-thong-van-tai-co-so-phia-bac-u-115,0
https://kenhtuyensinh.com.vn/dai-hoc-giao-thong-van-tai-co-so-phia-nam-u-116,0
https://kenhtuyensinh.com.vn/dai-hoc-ha-tinh-u-133,0
https://kenhtuyensinh.com.vn/hoc-vien-thanh-thieu-nien-viet-nam-u-141,0
https://kenhtuyensinh.com.vn/dai-hoc-nguyen-tat-thanh-u-185,0
https://kenhtuyensinh.com.vn/dai-hoc-nguyen-trai-u-186,0
https://kenhtuyensinh.com.vn/dai-hoc-dong-thap-u-216,0
https://kenhtuyensinh.com.vn/dai-hoc-su-pham-ha-noi-u-217,0
https://kenhtuyensinh.com.vn/dai-hoc-su-pham-ky-thuat-tphcm-u-218,0
https://kenhtuyensinh.com.vn/dai-hoc-su-pham-tphcm-u-219,0
https://kenhtuyensinh.com.vn/dai-hoc-an-giang-u-221,1
https://kenhtuyensinh.com.vn/dai-hoc-can-tho-u-223,1
https://kenhtuyensinh.com.vn/dai-hoc-thu-dau-mot-u-227,1
https://kenhtuyensinh.com.vn/dai-hoc-vinh-u-229,1
https://kenhtuyensinh.com.vn/dai-hoc-dan-lap-duy-tan-u-38,1
https://kenhtuyensinh.com.vn/dai-hoc-hung-vuong-tphcm-u-52,1
https://kenhtuyensinh.com.vn/dai-hoc-duoc-ha-noi-u-56,1
https://kenhtuyensinh.com.vn/dai-hoc-kinh-te-ky-thuat-cong-nghiep-u-57,1
https://kenhtuyensinh.com.vn/dai-hoc-kiem-sat-ha-noi-u-59,1
https://kenhtuyensinh.com.vn/dai-hoc-ky-thuat-y-te-hai-duong-u-61,1
https://kenhtuyensinh.com.vn/dai-hoc-tai-chinh-marketing-u-68,1
https://kenhtuyensinh.com.vn/dai-hoc-tai-nguyen-va-moi-truong-ha-noi-u-69,1
https://kenhtuyensinh.com.vn/dai-hoc-ngoai-ngu-tin-hoc-tphcm-u-73,1
https://kenhtuyensinh.com.vn/dai-hoc-dong-nai-u-74,1
https://kenhtuyensinh.com.vn/dai-hoc-noi-vu-u-75,1
https://kenhtuyensinh.com.vn/dai-hoc-phu-yen-u-80,1
https://kenhtuyensinh.com.vn/dai-hoc-kinh-doanh-va-cong-nghe-ha-noi-u-83,1
https://kenhtuyensinh.com.vn/dai-hoc-cong-nghe-sai-gon-u-88,1
https://kenhtuyensinh.com.vn/dai-hoc-hoa-sen-u-95,1
https://kenhtuyensinh.com.vn/dh-tai-nguyen-moi-truong-tphcm-u-98,1
https://kenhtuyensinh.com.vn/phan-hieu-dai-hoc-thai-nguyen-tai-lao-cai-u-100,1
https://kenhtuyensinh.com.vn/dai-hoc-ton-duc-thang-u-103,1
https://kenhtuyensinh.com.vn/dai-hoc-khoa-hoc-dai-hoc-thai-nguyen-u-105,1
https://kenhtuyensinh.com.vn/dai-hoc-cong-nghe-giao-thong-van-tai-u-117,1
https://kenhtuyensinh.com.vn/dai-hoc-quoc-te-hong-bang-u-120,1
https://kenhtuyensinh.com.vn/hoc-vien-chinh-sach-va-phat-trien-u-125,1
https://kenhtuyensinh.com.vn/dai-hoc-hong-duc-u-127,1
https://kenhtuyensinh.com.vn/dai-hoc-hang-hai-u-131,1
https://kenhtuyensinh.com.vn/dai-hoc-ha-long-u-134,1
https://kenhtuyensinh.com.vn/dai-hoc-thu-do-ha-noi-u-135,1
https://kenhtuyensinh.com.vn/hoc-vien-phu-nu-viet-nam-u-136,1
https://kenhtuyensinh.com.vn/hoc-vien-ngoai-giao-u-138,1
https://kenhtuyensinh.com.vn/hoc-vien-toa-an-u-139,1
https://kenhtuyensinh.com.vn/hoc-vien-tai-chinh-u-140,1
https://kenhtuyensinh.com.vn/hoc-vien-nong-nghiep-viet-nam-u-144,1
https://kenhtuyensinh.com.vn/hoc-vien-y-duoc-hoc-co-truyen-viet-nam-u-146,1
https://kenhtuyensinh.com.vn/dai-hoc-ky-thuat-cong-nghe-can-tho-u-147,1
https://kenhtuyensinh.com.vn/truong-si-quan-khong-quan-he-dai-hoc-u-148,1
https://kenhtuyensinh.com.vn/hoc-vien-ky-thuat-mat-ma-u-150,1
https://kenhtuyensinh.com.vn/hoc-vien-ky-thuat-quan-su-he-quan-su-u-151,1
https://kenhtuyensinh.com.vn/dai-hoc-kien-truc-ha-noi-u-153,1
https://kenhtuyensinh.com.vn/dai-hoc-kien-truc-tphcm-u-156,1
https://kenhtuyensinh.com.vn/dai-hoc-cong-doan-u-162,1
https://kenhtuyensinh.com.vn/dai-hoc-luat-ha-noi-u-165,1
https://kenhtuyensinh.com.vn/dai-hoc-mo-dia-chat-u-168,1
https://kenhtuyensinh.com.vn/vien-dai-hoc-mo-ha-noi-u-169,1
https://kenhtuyensinh.com.vn/dai-hoc-ha-noi-u-175,1
https://kenhtuyensinh.com.vn/hoc-vien-khoa-hoc-quan-su-he-quan-su-u-182,1
https://kenhtuyensinh.com.vn/dai-hoc-ngoai-thuong-phia-nam-u-184,1
https://kenhtuyensinh.com.vn/dai-hoc-phong-chay-chua-chay-phia-bac-u-189,1
https://kenhtuyensinh.com.vn/dai-hoc-phong-chay-chua-chay-phia-nam-u-190,2
https://kenhtuyensinh.com.vn/dai-hoc-kinh-te-dai-hoc-quoc-gia-ha-noi-u-193,2
https://kenhtuyensinh.com.vn/dai-hoc-ngoai-ngu-dai-hoc-quoc-gia-ha-noi-u-194,2
https://kenhtuyensinh.com.vn/dai-hoc-cong-nghe-dai-hoc-quoc-gia-ha-noi-u-195,2
https://kenhtuyensinh.com.vn/khoa-luat-dai-hoc-quoc-gia-ha-noi-u-196,2
https://kenhtuyensinh.com.vn/khoa-quoc-te-dai-hoc-quoc-gia-ha-noi-u-197,2
https://kenhtuyensinh.com.vn/dai-hoc-giao-duc-dai-hoc-quoc-gia-ha-noi-u-198,2
https://kenhtuyensinh.com.vn/dai-hoc-khoa-hoc-tu-nhien-dai-hoc-quoc-gia-ha-noi-u-199,2
https://kenhtuyensinh.com.vn/dai-hoc-khoa-hoc-xa-hoi-va-nhan-van-dai-hoc-quoc-gia-ha-noi-u-200,2
https://kenhtuyensinh.com.vn/khoa-y-duoc-dai-hoc-quoc-gia-ha-noi-u-201,2
https://kenhtuyensinh.com.vn/dai-hoc-cong-nghe-thong-tin-u-203,2
https://kenhtuyensinh.com.vn/dai-hoc-khoa-hoc-tu-nhien-u-206,2
https://kenhtuyensinh.com.vn/khoa-y-dai-hoc-quoc-gia-tphcm-u-208,2
https://kenhtuyensinh.com.vn/dai-hoc-sao-do-u-209,2
https://kenhtuyensinh.com.vn/dai-hoc-sai-gon-u-210,2
https://kenhtuyensinh.com.vn/dai-hoc-su-pham-ky-thuat-hung-yen-u-212,2
https://kenhtuyensinh.com.vn/dai-hoc-su-pham-ha-noi-2-u-215,2
https://kenhtuyensinh.com.vn/dai-hoc-phan-chau-trinh-u-285,2
https://kenhtuyensinh.com.vn/dai-hoc-su-pham-nghe-thuat-trung-uong-u-294,2
https://kenhtuyensinh.com.vn/khoa-cong-nghe-dai-hoc-da-nang-u-27,2
https://kenhtuyensinh.com.vn/dai-hoc-bach-khoa-dai-hoc-da-nang-u-31,2
https://kenhtuyensinh.com.vn/dai-hoc-dai-nam-u-34,2
https://kenhtuyensinh.com.vn/phan-hieu-dai-hoc-da-nang-tai-kon-tum-u-35,2
https://kenhtuyensinh.com.vn/dai-hoc-kinh-te-dai-hoc-da-nang-u-36,2
https://kenhtuyensinh.com.vn/dai-hoc-su-pham-dai-hoc-da-nang-u-37,2
https://kenhtuyensinh.com.vn/hoc-vien-an-ninh-nhan-dan-u-1,2
https://kenhtuyensinh.com.vn/dai-hoc-an-ninh-nhan-dan-u-2,2
https://kenhtuyensinh.com.vn/hoc-vien-bien-phong-u-5,2
https://kenhtuyensinh.com.vn/hoc-vien-canh-sat-nhan-dan-u-12,2
https://kenhtuyensinh.com.vn/dai-hoc-canh-sat-nhan-dan-u-13,2
https://kenhtuyensinh.com.vn/dai-hoc-cong-nghe-dong-nai-u-19,2
https://kenhtuyensinh.com.vn/truong-si-quan-dac-cong-u-21,2
https://kenhtuyensinh.com.vn/dai-hoc-ngoai-ngu-dai-hoc-da-nang-u-29,2
https://kenhtuyensinh.com.vn/dai-hoc-luat-dai-hoc-hue-u-41,2
https://kenhtuyensinh.com.vn/khoa-giao-duc-the-chat-dai-hoc-hue-u-42,2
https://kenhtuyensinh.com.vn/khoa-du-lich-dai-hoc-hue-u-43,2
https://kenhtuyensinh.com.vn/dai-hoc-ngoai-ngu-dai-hoc-hue-u-44,2
https://kenhtuyensinh.com.vn/dai-hoc-kinh-te-dai-hoc-hue-u-45,2
https://kenhtuyensinh.com.vn/dai-hoc-nong-lam-dai-hoc-hue-u-46,2
https://kenhtuyensinh.com.vn/dai-hoc-nghe-thuat-dai-hoc-hue-u-47,2
https://kenhtuyensinh.com.vn/phan-hieu-dai-hoc-hue-tai-quang-tri-u-49,2
https://kenhtuyensinh.com.vn/dai-hoc-su-pham-dai-hoc-hue-u-50,2
https://kenhtuyensinh.com.vn/dai-hoc-khoa-hoc-dai-hoc-hue-u-51,2
https://kenhtuyensinh.com.vn/dai-hoc-y-duoc-dai-hoc-hue-u-53,2
https://kenhtuyensinh.com.vn/dai-hoc-kinh-te-tphcm-u-152,2
https://kenhtuyensinh.com.vn/phan-hieu-dai-hoc-nong-lam-tp-hcm-tai-gia-lai-u-179,2
https://kenhtuyensinh.com.vn/phan-hieu-dai-hoc-nong-lam-tp-hcm-tai-ninh-thuan-u-180,2
https://kenhtuyensinh.com.vn/dai-hoc-nong-lam-tphcm-u-181,2
https://kenhtuyensinh.com.vn/dai-hoc-y-ha-noi-u-261,2
https://kenhtuyensinh.com.vn/hoc-vien-bao-chi-tuyen-truyen-u-119,2
https://kenhtuyensinh.com.vn/dai-hoc-cong-nghiep-tphcm-u-142,3
https://kenhtuyensinh.com.vn/dai-hoc-cong-nghiep-det-may-ha-noi-u-9,3
https://kenhtuyensinh.com.vn/dai-hoc-cong-nghiep-ha-noi-u-23,3
https://kenhtuyensinh.com.vn/dai-hoc-cong-nghe-tphcm-hutech-u-55,3
https://kenhtuyensinh.com.vn/hoc-vien-hau-can-he-quan-su-u-128,3
https://kenhtuyensinh.com.vn/hoc-vien-hai-quan-u-137,3
https://kenhtuyensinh.com.vn/dai-hoc-kinh-te-tai-chinh-tphcm-u-154,3
https://kenhtuyensinh.com.vn/truong-si-quan-luc-quan-1-dai-hoc-tran-quoc-tuan-u-157,3
https://kenhtuyensinh.com.vn/truong-si-quan-luc-quan-2-dai-hoc-nguyen-hue-u-158,3
https://kenhtuyensinh.com.vn/truong-si-quan-chinh-tri-dai-hoc-chinh-tri-u-160,3
https://kenhtuyensinh.com.vn/dai-hoc-mo-tphcm-u-166,3
https://kenhtuyensinh.com.vn/dai-hoc-my-thuat-viet-nam-u-171,3
https://kenhtuyensinh.com.vn/hoc-vien-ngan-hang-u-176,3
https://kenhtuyensinh.com.vn/dai-hoc-ngan-hang-tphcm-u-178,3
https://kenhtuyensinh.com.vn/truong-si-quan-phao-binh-u-188,3
https://kenhtuyensinh.com.vn/hoc-vien-phong-khong-khong-quan-u-191,3
https://kenhtuyensinh.com.vn/dai-hoc-bach-khoa-dai-hoc-quoc-gia-tphcm-u-202,3
https://kenhtuyensinh.com.vn/dai-hoc-khoa-hoc-xa-hoi-va-nhan-van-u-207,3
https://kenhtuyensinh.com.vn/dai-hoc-hai-phong-u-231,3
https://kenhtuyensinh.com.vn/dai-hoc-thuong-mai-u-235,3
https://kenhtuyensinh.com.vn/dai-hoc-nha-trang-u-237,3
https://kenhtuyensinh.com.vn/dai-hoc-van-hoa-ha-noi-u-249,3
https://kenhtuyensinh.com.vn/truong-si-quan-ki-thuat-quan-su-he-quan-su-u-252,3
https://kenhtuyensinh.com.vn/hoc-vien-quan-y-he-quan-su-u-264,3
https://kenhtuyensinh.com.vn/dai-hoc-bach-khoa-ha-noi-u-3,3
https://kenhtuyensinh.com.vn/dai-hoc-cong-nghiep-thuc-pham-tp-hcm-u-24,3
https://kenhtuyensinh.com.vn/dai-hoc-giao-thong-van-tai-tphcm-u-118,3
https://kenhtuyensinh.com.vn/dai-hoc-kinh-te-quoc-dan-u-149,3
https://kenhtuyensinh.com.vn/dai-hoc-ngoai-thuong-co-so-phia-bac-u-183,3
https://kenhtuyensinh.com.vn/dai-hoc-y-te-cong-cong-u-266,3
https://kenhtuyensinh.com.vn/hoc-vien-can-bo-tphcm-u-143,3
https://kenhtuyensinh.com.vn/dai-hoc-su-pham-ky-thuat-nam-dinh-u-213,3
https://kenhtuyensinh.com.vn/dai-hoc-kien-giang-u-293,3
https://kenhtuyensinh.com.vn/dai-hoc-luat-tphcm-u-290,3
https://kenhtuyensinh.com.vn/dai-hoc-rmit-viet-nam-u-280,3
https://kenhtuyensinh.com.vn/dai-hoc-su-pham-dai-hoc-thai-nguyen-u-102,3
https://kenhtuyensinh.com.vn/dai-hoc-tay-nguyen-u-242,3
https://kenhtuyensinh.com.vn/cao-dang-cong-nghe-thong-tin-dai-hoc-da-nang-u-30,3
https://kenhtuyensinh.com.vn/khoa-y-duoc-dai-hoc-da-nang-u-39,3
https://kenhtuyensinh.com.vn/dai-hoc-quoc-te-dai-hoc-quoc-gia-tphcm-u-205,3
https://kenhtuyensinh.com.vn/dai-hoc-y-duoc-tphcm-u-260,3
https://kenhtuyensinh.com.vn/dai-hoc-xay-dung-ha-noi-u-255,3
https://kenhtuyensinh.com.vn/hoc-vien-ki-thuat-quan-su-he-dan-su-u-82,3
https://kenhtuyensinh.com.vn/dai-hoc-da-lat-u-226,3
https://kenhtuyensinh.com.vn/dai-hoc-viet-duc-u-247,3
https://kenhtuyensinh.com.vn/dai-hoc-thuy-loi-co-so-1-u-233,3
https://kenhtuyensinh.com.vn/dai-hoc-thuy-loi-co-so-2-u-234,3
https://kenhtuyensinh.com.vn/dai-hoc-ky-thuat-cong-nghiep-dai-hoc-thai-nguyen-u-96,3
https://kenhtuyensinh.com.vn/dai-hoc-lam-nghiep-co-so-1-u-163,3
https://kenhtuyensinh.com.vn/dai-hoc-lam-nghiep-co-so-2-u-164,3
https://kenhtuyensinh.com.vn/dai-hoc-y-khoa-pham-ngoc-thach-u-244,4
https://kenhtuyensinh.com.vn/dai-hoc-kinh-te-luat-dai-hoc-quoc-gia-tphcm-u-204,4
https://kenhtuyensinh.com.vn/dai-hoc-my-thuat-tphcm-u-172,4
https://kenhtuyensinh.com.vn/dai-hoc-binh-duong-u-15,4
https://kenhtuyensinh.com.vn/hoc-vien-hanh-chinh-quoc-gia-phia-bac-u-123,4
https://kenhtuyensinh.com.vn/hoc-vien-hanh-chinh-quoc-gia-phia-nam-u-126,4
https://kenhtuyensinh.com.vn/dai-hoc-cuu-long-u-22,4
https://kenhtuyensinh.com.vn/dai-hoc-san-khau-dien-anh-tphcm-u-87,4
https://kenhtuyensinh.com.vn/dai-hoc-ky-thuat-hau-can-cong-an-nhan-dan-phia-bac-u-122,4
https://kenhtuyensinh.com.vn/dai-hoc-ky-thuat-hau-can-cong-an-nhan-dan-phia-nam-u-124,4
https://kenhtuyensinh.com.vn/hoc-vien-chinh-tri-cong-an-nhan-dan-u-121,4
https://kenhtuyensinh.com.vn/dai-hoc-my-thuat-cong-nghiep-u-170,4
https://kenhtuyensinh.com.vn/dai-hoc-van-hoa-nghe-thuat-quan-doi-u-268,4
https://kenhtuyensinh.com.vn/dai-hoc-van-hoa-tphcm-u-250,4
https://kenhtuyensinh.com.vn/dai-hoc-san-khau-dien-anh-u-211,4
https://kenhtuyensinh.com.vn/hoc-vien-hang-khong-viet-nam-u-132,4
https://kenhtuyensinh.com.vn/nhac-vien-tphcm-u-187,4
https://kenhtuyensinh.com.vn/dai-hoc-su-pham-the-duc-the-thao-tphcm-u-220,4
https://kenhtuyensinh.com.vn/dai-hoc-quoc-te-sai-gon-u-243,4
https://kenhtuyensinh.com.vn/truong-si-quan-ki-thuat-quan-su-he-dan-su-u-269,4
https://kenhtuyensinh.com.vn/hoc-vien-khoa-hoc-quan-su-he-dan-su-u-72,4
https://kenhtuyensinh.com.vn/cao-dang-ky-thuat-cao-thang-u-11,4
https://kenhtuyensinh.com.vn/hoc-vien-quan-y-he-dan-su-u-111,4
https://kenhtuyensinh.com.vn/hoc-vien-hau-can-he-dan-su-u-129,4
https://kenhtuyensinh.com.vn/truong-si-quan-phong-hoa-u-130,4
https://kenhtuyensinh.com.vn/hoc-vien-ngan-hang-phan-vien-bac-ninh-u-174,4
https://kenhtuyensinh.com.vn/hoc-vien-ngan-hang-phan-vien-phu-yen-u-177,4
https://kenhtuyensinh.com.vn/hoc-vien-quan-ly-giao-duc-u-145,4
https://kenhtuyensinh.com.vn/dai-hoc-kien-truc-da-nang-u-155,4
https://kenhtuyensinh.com.vn/dai-hoc-y-hai-phong-u-263,4
https://kenhtuyensinh.com.vn/dai-hoc-the-ducthe-thao-da-nang-u-239,4
https://kenhtuyensinh.com.vn/dai-hoc-y-duoc-can-tho-u-257,4
https://kenhtuyensinh.com.vn/truong-si-quan-chinh-tri-he-dan-su-u-161,4
https://kenhtuyensinh.com.vn/dai-hoc-the-duc-the-thao-tphcm-u-228,4
https://kenhtuyensinh.com.vn/truong-si-quan-tang-thiet-giap-u-230,4
https://kenhtuyensinh.com.vn/truong-si-quan-thong-tin-he-quan-su-dai-hoc-thong-tin-lien-lac-u-241,4
https://kenhtuyensinh.com.vn/dai-hoc-cong-nghiep-viet-hung-u-248,4
https://kenhtuyensinh.com.vn/dai-hoc-ky-thuat-y-duoc-da-nang-u-259,4
https://kenhtuyensinh.com.vn/dai-hoc-y-khoa-vinh-u-262,4
https://kenhtuyensinh.com.vn/dai-hoc-y-duoc-thai-binh-u-265,4
https://kenhtuyensinh.com.vn/truong-si-quan-cong-binh-he-dan-su-u-267,4
https://kenhtuyensinh.com.vn/dai-hoc-xay-dung-mien-tay-u-173,4
https://kenhtuyensinh.com.vn/dai-hoc-xay-dung-mien-trung-u-256,4
https://kenhtuyensinh.com.vn/dai-hoc-tay-bac-u-238,4
https://kenhtuyensinh.com.vn/dai-hoc-dong-a-u-14,4
https://kenhtuyensinh.com.vn/dai-hoc-tu-thuc-cong-nghe-thong-tin-gia-dinh-u-20,4
https://kenhtuyensinh.com.vn/dai-hoc-van-hoa-the-thao-va-du-lich-thanh-hoa-u-106,4
https://kenhtuyensinh.com.vn/dai-hoc-khanh-hoa-u-246,4
https://kenhtuyensinh.com.vn/dai-hoc-cong-nghiep-vinh-u-25,4
https://kenhtuyensinh.com.vn/dai-hoc-hai-duong-u-60,5
https://kenhtuyensinh.com.vn/dai-hoc-thai-binh-u-90,5
https://kenhtuyensinh.com.vn/dai-hoc-buon-ma-thuot-u-4,5
https://kenhtuyensinh.com.vn/dai-hoc-chu-van-an-u-18,5
https://kenhtuyensinh.com.vn/dai-hoc-thanh-dong-u-26,5
https://kenhtuyensinh.com.vn/dai-hoc-dan-lap-dong-do-u-28,5
https://kenhtuyensinh.com.vn/dai-hoc-cong-nghe-mien-dong-u-67,5
https://kenhtuyensinh.com.vn/dai-hoc-nam-can-tho-u-71,5
https://kenhtuyensinh.com.vn/dai-hoc-dan-lap-phu-xuan-u-79,5
https://kenhtuyensinh.com.vn/dai-hoc-nguyen-hue-u-159,5
https://kenhtuyensinh.com.vn/dai-hoc-my-thuat-cong-nghiep-a-chau-u-167,5
https://kenhtuyensinh.com.vn/truong-si-quan-cong-binh-he-quan-su-u-214,5
https://kenhtuyensinh.com.vn/dai-hoc-thai-binh-duong-u-222,5
https://kenhtuyensinh.com.vn/dai-hoc-the-duc-the-thao-bac-ninh-u-224,5
https://kenhtuyensinh.com.vn/dai-hoc-thanh-do-u-225,5
https://kenhtuyensinh.com.vn/dai-hoc-hung-vuong-u-232,5
https://kenhtuyensinh.com.vn/dai-hoc-tan-trao-u-236,5
https://kenhtuyensinh.com.vn/dai-hoc-tien-giang-u-240,5
https://kenhtuyensinh.com.vn/dai-hoc-kinh-bac-u-245,5
https://kenhtuyensinh.com.vn/dai-hoc-su-pham-ky-thuat-vinh-long-u-251,5
https://kenhtuyensinh.com.vn/dai-hoc-vo-truong-toan-u-253,5
https://kenhtuyensinh.com.vn/dai-hoc-cong-nghiep-viet-tri-u-254,5
https://kenhtuyensinh.com.vn/dai-hoc-dieu-duong-nam-dinh-u-258,5
https://kenhtuyensinh.com.vn/dai-hoc-fpt-u-277,5
https://kenhtuyensinh.com.vn/dai-hoc-quoc-te-bac-ha-u-281,5
https://kenhtuyensinh.com.vn/dai-hoc-cong-nghe-va-quan-ly-huu-nghi-u-282,5
https://kenhtuyensinh.com.vn/dai-hoc-cong-nghe-dong-a-u-283,5
https://kenhtuyensinh.com.vn/dai-hoc-viet-bac-u-284,5
https://kenhtuyensinh.com.vn/dai-hoc-dan-lap-luong-the-vinh-u-286,5
https://kenhtuyensinh.com.vn/dai-hoc-trung-vuong-u-287,5
https://kenhtuyensinh.com.vn/dai-hoc-yersin-da-lat-u-288,5
https://kenhtuyensinh.com.vn/dai-hoc-hoa-binh-u-289,5
https://kenhtuyensinh.com.vn/truong-si-quan-thong-tin-he-dan-su-dai-hoc-thong-tin-lien-lac-u-291,5
https://kenhtuyensinh.com.vn/dai-hoc-su-pham-the-duc-the-thao-ha-noi-u-292,5
https://kenhtuyensinh.com.vn/truong-fast-tarck-se-u-295,5
